tablo_no,name,slug
1,Bilanço,bilanco
2,Kar Zarar,kar_zarar
3,Krediler,krediler
4,Tüketici Kredileri,tuketici_kredileri
5,Sektörel Kredi Dağılımı,sektorel_kredi_dagilimi
6,KOBİ Kredileri,kobi_kredileri
7,Sendikasyon Seküritizasyon Kredileri,sendikasyon_sekuritizasyon_kredileri
8,Menkul Kıymetler,menkul_kiymetler
9,Mevduat Türler İtibarıyla,mevduat_turler_itibariyla
10,Mevduat Vade İtibarıyla,mevduat_vade_itibariyla
11,Likidite Durumu,likidite_durumu
12,Sermaye Yeterliliği,sermaye_yeterliligi
13,Yabancı Para Pozisyonu,yabanci_para_pozisyonu
14,Bilanço Dışı İşlemler,bilanco_disi_islemler
15,Rasyolar,rasyolar
16,Diğer Bilgiler,diger_bilgiler
17,Yurt Dışı Şube Rasyoları,yurt_disi_sube_rasyolari
