year,month,donem,date
2021,3,2021-3,2021-03-01
2021,6,2021-6,2021-06-01
2021,9,2021-9,2021-09-01
2021,12,2021-12,2021-12-01
2022,3,2022-3,2022-03-01
2022,6,2022-6,2022-06-01
2022,9,2022-9,2022-09-01
2022,12,2022-12,2022-12-01
2023,3,2023-3,2023-03-01
2023,6,2023-6,2023-06-01
2023,9,2023-9,2023-09-01
2023,12,2023-12,2023-12-01
2024,3,2024-3,2024-03-01
2024,6,2024-6,2024-06-01
2024,9,2024-9,2024-09-01
2024,12,2024-12,2024-12-01
2025,3,2025-3,2025-03-01
2025,6,2025-6,2025-06-01
2025,9,2025-9,2025-09-01
2025,12,2025-12,2025-12-01
2026,3,2026-3,2026-03-01
2026,6,2026-6,2026-06-01
