year,month,day,date,donem_id,period_text
2021,1,8,2021-01-08,367,Ocak/08 (1. Hafta)
2021,1,15,2021-01-15,368,Ocak/15 (2. Hafta)
2021,1,22,2021-01-22,369,Ocak/22 (3. Hafta)
2021,1,29,2021-01-29,370,Ocak/29 (4. Hafta)
2021,2,5,2021-02-05,371,Şubat/05 (5. Hafta)
2021,2,12,2021-02-12,372,Şubat/12 (6. Hafta)
2021,2,19,2021-02-19,373,Şubat/19 (7. Hafta)
2021,2,26,2021-02-26,374,Şubat/26 (8. Hafta)
2021,3,5,2021-03-05,375,Mart/05 (9. Hafta)
2021,3,12,2021-03-12,376,Mart/12 (10. Hafta)
2021,3,19,2021-03-19,377,Mart/19 (11. Hafta)
2021,3,26,2021-03-26,378,Mart/26 (12. Hafta)
2021,4,2,2021-04-02,379,Nisan/02 (13. Hafta)
2021,4,9,2021-04-09,380,Nisan/09 (14. Hafta)
2021,4,16,2021-04-16,381,Nisan/16 (15. Hafta)
2021,4,22,2021-04-22,382,Nisan/22 (16. Hafta)
2021,4,30,2021-04-30,383,Nisan/30 (17. Hafta)
2021,5,7,2021-05-07,384,Mayıs/07 (18. Hafta)
2021,5,12,2021-05-12,385,Mayıs/12 (19. Hafta)
2021,5,21,2021-05-21,386,Mayıs/21 (20. Hafta)
2021,5,28,2021-05-28,387,Mayıs/28 (21. Hafta)
2021,6,4,2021-06-04,388,Haziran/04 (22. Hafta)
2021,6,11,2021-06-11,389,Haziran/11 (23. Hafta)
2021,6,18,2021-06-18,390,Haziran/18 (24. Hafta)
2021,6,25,2021-06-25,391,Haziran/25 (25. Hafta)
2021,7,2,2021-07-02,392,Temmuz/02 (26. Hafta)
2021,7,9,2021-07-09,393,Temmuz/09 (27. Hafta)
2021,7,16,2021-07-16,394,Temmuz/16 (28. Hafta)
2021,7,19,2021-07-19,395,Temmuz/19 (29. Hafta)
2021,7,30,2021-07-30,396,Temmuz/30 (30. Hafta)
2021,8,6,2021-08-06,397,Ağustos/06 (31. Hafta)
2021,8,13,2021-08-13,398,Ağustos/13 (32. Hafta)
2021,8,20,2021-08-20,399,Ağustos/20 (33. Hafta)
2021,8,27,2021-08-27,400,Ağustos/27 (34. Hafta)
2021,9,3,2021-09-03,401,Eylül/03 (35. Hafta)
2021,9,10,2021-09-10,402,Eylül/10 (36. Hafta)
2021,9,17,2021-09-17,403,Eylül/17 (37. Hafta)
2021,9,24,2021-09-24,404,Eylül/24 (38. Hafta)
2021,10,1,2021-10-01,405,Ekim/01 (39. Hafta)
2021,10,8,2021-10-08,406,Ekim/08 (40. Hafta)
2021,10,15,2021-10-15,407,Ekim/15 (41. Hafta)
2021,10,22,2021-10-22,408,Ekim/22 (42. Hafta)
2021,10,28,2021-10-28,409,Ekim/28 (43. Hafta)
2021,11,5,2021-11-05,410,Kasım/05 (44. Hafta)
2021,11,12,2021-11-12,411,Kasım/12 (45. Hafta)
2021,11,19,2021-11-19,412,Kasım/19 (46. Hafta)
2021,11,26,2021-11-26,413,Kasım/26 (47. Hafta)
2021,12,3,2021-12-03,414,Aralık/03 (48. Hafta)
2021,12,10,2021-12-10,415,Aralık/10 (49. Hafta)
2021,12,17,2021-12-17,416,Aralık/17 (50. Hafta)
2021,12,24,2021-12-24,417,Aralık/24 (51. Hafta)
2021,12,31,2021-12-31,418,Aralık/31 (52. Hafta)
2022,1,7,2022-01-07,419,Ocak/07 (1. Hafta)
2022,1,14,2022-01-14,420,Ocak/14 (2. Hafta)
2022,1,21,2022-01-21,421,Ocak/21 (3. Hafta)
2022,1,28,2022-01-28,422,Ocak/28 (4. Hafta)
2022,2,4,2022-02-04,423,Şubat/04 (5. Hafta)
2022,2,11,2022-02-11,424,Şubat/11 (6. Hafta)
2022,2,18,2022-02-18,425,Şubat/18 (7. Hafta)
2022,2,25,2022-02-25,426,Şubat/25 (8. Hafta)
2022,3,4,2022-03-04,427,Mart/04 (9. Hafta)
2022,3,11,2022-03-11,428,Mart/11 (10. Hafta)
2022,3,18,2022-03-18,429,Mart/18 (11. Hafta)
2022,3,25,2022-03-25,430,Mart/25 (12. Hafta)
2022,4,1,2022-04-01,431,Nisan/01 (13. Hafta)
2022,4,8,2022-04-08,432,Nisan/08 (14. Hafta)
2022,4,15,2022-04-15,433,Nisan/15 (15. Hafta)
2022,4,22,2022-04-22,434,Nisan/22 (16. Hafta)
2022,4,29,2022-04-29,435,Nisan/29 (17. Hafta)
2022,5,6,2022-05-06,436,Mayıs/06 (18. Hafta)
2022,5,13,2022-05-13,437,Mayıs/13 (19. Hafta)
2022,5,20,2022-05-20,438,Mayıs/20 (20. Hafta)
2022,5,27,2022-05-27,439,Mayıs/27 (21. Hafta)
2022,6,3,2022-06-03,440,Haziran/03 (22. Hafta)
2022,6,10,2022-06-10,441,Haziran/10 (23. Hafta)
2022,6,17,2022-06-17,442,Haziran/17 (24. Hafta)
2022,6,24,2022-06-24,443,Haziran/24 (25. Hafta)
2022,7,1,2022-07-01,444,Temmuz/01 (26. Hafta)
2022,7,8,2022-07-08,445,Temmuz/08 (27. Hafta)
2022,7,14,2022-07-14,446,Temmuz/14 (28. Hafta)
2022,7,22,2022-07-22,447,Temmuz/22 (29. Hafta)
2022,7,29,2022-07-29,448,Temmuz/29 (30. Hafta)
2022,8,5,2022-08-05,449,Ağustos/05 (31. Hafta)
2022,8,12,2022-08-12,450,Ağustos/12 (32. Hafta)
2022,8,19,2022-08-19,451,Ağustos/19 (33. Hafta)
2022,8,26,2022-08-26,452,Ağustos/26 (34. Hafta)
2022,9,2,2022-09-02,453,Eylül/02 (35. Hafta)
2022,9,9,2022-09-09,454,Eylül/09 (36. Hafta)
2022,9,16,2022-09-16,455,Eylül/16 (37. Hafta)
2022,9,23,2022-09-23,456,Eylül/23 (38. Hafta)
2022,9,30,2022-09-30,457,Eylül/30 (39. Hafta)
2022,10,7,2022-10-07,458,Ekim/07 (40. Hafta)
2022,10,14,2022-10-14,459,Ekim/14 (41. Hafta)
2022,10,21,2022-10-21,460,Ekim/21 (42. Hafta)
2022,10,28,2022-10-28,461,Ekim/28 (43. Hafta)
2022,11,4,2022-11-04,462,Kasım/04 (44. Hafta)
2022,11,11,2022-11-11,463,Kasım/11 (45. Hafta)
2022,11,18,2022-11-18,464,Kasım/18 (46. Hafta)
2022,11,25,2022-11-25,465,Kasım/25 (47. Hafta)
2022,12,2,2022-12-02,466,Aralık/02 (48. Hafta)
2022,12,9,2022-12-09,467,Aralık/09 (49. Hafta)
2022,12,16,2022-12-16,468,Aralık/16 (50. Hafta)
2022,12,23,2022-12-23,469,Aralık/23 (51. Hafta)
2022,12,30,2022-12-30,470,Aralık/30 (52. Hafta)
2023,1,6,2023-01-06,471,Ocak/06 (1. Hafta)
2023,1,13,2023-01-13,472,Ocak/13 (2. Hafta)
2023,1,20,2023-01-20,473,Ocak/20 (3. Hafta)
2023,1,27,2023-01-27,474,Ocak/27 (4. Hafta)
2023,2,3,2023-02-03,475,Şubat/03 (5. Hafta)
2023,2,10,2023-02-10,476,Şubat/10 (6. Hafta)
2023,2,17,2023-02-17,477,Şubat/17 (7. Hafta)
2023,2,24,2023-02-24,478,Şubat/24 (8. Hafta)
2023,3,3,2023-03-03,479,Mart/03 (9. Hafta)
2023,3,10,2023-03-10,480,Mart/10 (10. Hafta)
2023,3,17,2023-03-17,481,Mart/17 (11. Hafta)
2023,3,24,2023-03-24,482,Mart/24 (12. Hafta)
2023,3,31,2023-03-31,483,Mart/31 (13. Hafta)
2023,4,7,2023-04-07,484,Nisan/07 (14. Hafta)
2023,4,14,2023-04-14,485,Nisan/14 (15. Hafta)
2023,4,20,2023-04-20,486,Nisan/20 (16. Hafta)
2023,4,28,2023-04-28,487,Nisan/28 (17. Hafta)
2023,5,5,2023-05-05,488,Mayıs/05 (18. Hafta)
2023,5,12,2023-05-12,489,Mayıs/12 (19. Hafta)
2023,5,18,2023-05-18,490,Mayıs/18 (20. Hafta)
2023,5,26,2023-05-26,491,Mayıs/26 (21. Hafta)
2023,6,2,2023-06-02,492,Haziran/02 (22. Hafta)
2023,6,9,2023-06-09,493,Haziran/09 (23. Hafta)
2023,6,16,2023-06-16,494,Haziran/16 (24. Hafta)
2023,6,23,2023-06-23,495,Haziran/23 (25. Hafta)
2023,6,27,2023-06-27,496,Haziran/27 (26. Hafta)
2023,7,7,2023-07-07,497,Temmuz/07 (27. Hafta)
2023,7,14,2023-07-14,498,Temmuz/14 (28. Hafta)
2023,7,21,2023-07-21,499,Temmuz/21 (29. Hafta)
2023,7,28,2023-07-28,500,Temmuz/28 (30. Hafta)
2023,8,4,2023-08-04,501,Ağustos/04 (31. Hafta)
2023,8,11,2023-08-11,502,Ağustos/11 (32. Hafta)
2023,8,18,2023-08-18,503,Ağustos/18 (33. Hafta)
2023,8,25,2023-08-25,504,Ağustos/25 (34. Hafta)
2023,9,1,2023-09-01,505,Eylül/01 (35. Hafta)
2023,9,8,2023-09-08,506,Eylül/08 (36. Hafta)
2023,9,15,2023-09-15,507,Eylül/15 (37. Hafta)
2023,9,22,2023-09-22,508,Eylül/22 (38. Hafta)
2023,9,29,2023-09-29,509,Eylül/29 (39. Hafta)
2023,10,6,2023-10-06,510,Ekim/06 (40. Hafta)
2023,10,13,2023-10-13,511,Ekim/13 (41. Hafta)
2023,10,20,2023-10-20,512,Ekim/20 (42. Hafta)
2023,10,27,2023-10-27,513,Ekim/27 (43. Hafta)
2023,11,3,2023-11-03,514,Kasım/03 (44. Hafta)
2023,11,10,2023-11-10,515,Kasım/10 (45. Hafta)
2023,11,17,2023-11-17,516,Kasım/17 (46. Hafta)
2023,11,24,2023-11-24,517,Kasım/24 (47. Hafta)
2023,12,1,2023-12-01,518,Aralık/01 (48. Hafta)
2023,12,8,2023-12-08,519,Aralık/08 (49. Hafta)
2023,12,15,2023-12-15,520,Aralık/15 (50. Hafta)
2023,12,22,2023-12-22,521,Aralık/22 (51. Hafta)
2023,12,29,2023-12-29,522,Aralık/29 (52. Hafta)
2024,1,5,2024-01-05,523,Ocak/05 (1. Hafta)
2024,1,12,2024-01-12,524,Ocak/12 (2. Hafta)
2024,1,19,2024-01-19,525,Ocak/19 (3. Hafta)
2024,1,26,2024-01-26,526,Ocak/26 (4. Hafta)
2024,2,2,2024-02-02,527,Şubat/02 (5. Hafta)
2024,2,9,2024-02-09,528,Şubat/09 (6. Hafta)
2024,2,16,2024-02-16,529,Şubat/16 (7. Hafta)
2024,2,23,2024-02-23,530,Şubat/23 (8. Hafta)
2024,3,1,2024-03-01,531,Mart/01 (9. Hafta)
2024,3,8,2024-03-08,532,Mart/08 (10. Hafta)
2024,3,15,2024-03-15,533,Mart/15 (11. Hafta)
2024,3,22,2024-03-22,534,Mart/22 (12. Hafta)
2024,3,29,2024-03-29,535,Mart/29 (13. Hafta)
2024,4,5,2024-04-05,536,Nisan/05 (14. Hafta)
2024,4,9,2024-04-09,537,Nisan/09 (15. Hafta)
2024,4,19,2024-04-19,538,Nisan/19 (16. Hafta)
2024,4,26,2024-04-26,539,Nisan/26 (17. Hafta)
2024,5,3,2024-05-03,540,Mayıs/03 (18. Hafta)
2024,5,10,2024-05-10,541,Mayıs/10 (19. Hafta)
2024,5,17,2024-05-17,542,Mayıs/17 (20. Hafta)
2024,5,24,2024-05-24,543,Mayıs/24 (21. Hafta)
2024,5,31,2024-05-31,544,Mayıs/31 (22. Hafta)
2024,6,7,2024-06-07,545,Haziran/07 (23. Hafta)
2024,6,14,2024-06-14,546,Haziran/14 (24. Hafta)
2024,6,21,2024-06-21,547,Haziran/21 (25. Hafta)
2024,6,28,2024-06-28,548,Haziran/28 (26. Hafta)
2024,7,5,2024-07-05,549,Temmuz/05 (27. Hafta)
2024,7,12,2024-07-12,550,Temmuz/12 (28. Hafta)
2024,7,19,2024-07-19,551,Temmuz/19 (29. Hafta)
2024,7,26,2024-07-26,552,Temmuz/26 (30. Hafta)
2024,8,2,2024-08-02,553,Ağustos/02 (31. Hafta)
2024,8,9,2024-08-09,554,Ağustos/09 (32. Hafta)
2024,8,16,2024-08-16,555,Ağustos/16 (33. Hafta)
2024,8,23,2024-08-23,556,Ağustos/23 (34. Hafta)
2024,8,29,2024-08-29,557,Ağustos/29 (35. Hafta)
2024,9,6,2024-09-06,558,Eylül/06 (36. Hafta)
2024,9,13,2024-09-13,559,Eylül/13 (37. Hafta)
2024,9,20,2024-09-20,560,Eylül/20 (38. Hafta)
2024,9,27,2024-09-27,561,Eylül/27 (39. Hafta)
2024,10,4,2024-10-04,562,Ekim/04 (40. Hafta)
2024,10,11,2024-10-11,563,Ekim/11 (41. Hafta)
2024,10,18,2024-10-18,564,Ekim/18 (42. Hafta)
2024,10,25,2024-10-25,565,Ekim/25 (43. Hafta)
2024,11,1,2024-11-01,566,Kasım/01 (44. Hafta)
2024,11,8,2024-11-08,567,Kasım/08 (45. Hafta)
2024,11,15,2024-11-15,568,Kasım/15 (46. Hafta)
2024,11,22,2024-11-22,569,Kasım/22 (47. Hafta)
2024,11,29,2024-11-29,570,Kasım/29 (48. Hafta)
2024,12,6,2024-12-06,571,Aralık/06 (49. Hafta)
2024,12,13,2024-12-13,572,Aralık/13 (50. Hafta)
2024,12,20,2024-12-20,573,Aralık/20 (51. Hafta)
2024,12,27,2024-12-27,574,Aralık/27 (52. Hafta)
2025,1,3,2025-01-03,575,Ocak/03 (1. Hafta)
2025,1,10,2025-01-10,576,Ocak/10 (2. Hafta)
2025,1,17,2025-01-17,577,Ocak/17 (3. Hafta)
2025,1,24,2025-01-24,578,Ocak/24 (4. Hafta)
2025,1,31,2025-01-31,579,Ocak/31 (5. Hafta)
2025,2,7,2025-02-07,580,Şubat/07 (6. Hafta)
2025,2,14,2025-02-14,581,Şubat/14 (7. Hafta)
2025,2,21,2025-02-21,582,Şubat/21 (8. Hafta)
2025,2,28,2025-02-28,583,Şubat/28 (9. Hafta)
2025,3,7,2025-03-07,584,Mart/07 (10. Hafta)
2025,3,14,2025-03-14,585,Mart/14 (11. Hafta)
2025,3,21,2025-03-21,586,Mart/21 (12. Hafta)
2025,3,28,2025-03-28,587,Mart/28 (13. Hafta)
2025,4,4,2025-04-04,588,Nisan/04 (14. Hafta)
2025,4,11,2025-04-11,589,Nisan/11 (15. Hafta)
2025,4,18,2025-04-18,590,Nisan/18 (16. Hafta)
2025,4,25,2025-04-25,591,Nisan/25 (17. Hafta)
2025,5,2,2025-05-02,592,Mayıs/02 (18. Hafta)
2025,5,9,2025-05-09,593,Mayıs/09 (19. Hafta)
2025,5,16,2025-05-16,594,Mayıs/16 (20. Hafta)
2025,5,23,2025-05-23,595,Mayıs/23 (21. Hafta)
2025,5,30,2025-05-30,596,Mayıs/30 (22. Hafta)
2025,6,5,2025-06-05,597,Haziran/05 (23. Hafta)
2025,6,13,2025-06-13,598,Haziran/13 (24. Hafta)
2025,6,20,2025-06-20,599,Haziran/20 (25. Hafta)
2025,6,27,2025-06-27,600,Haziran/27 (26. Hafta)
2025,7,4,2025-07-04,601,Temmuz/04 (27. Hafta)
2025,7,11,2025-07-11,602,Temmuz/11 (28. Hafta)
2025,7,18,2025-07-18,603,Temmuz/18 (29. Hafta)
2025,7,25,2025-07-25,604,Temmuz/25 (30. Hafta)
2025,8,1,2025-08-01,605,Ağustos/01 (31. Hafta)
2025,8,8,2025-08-08,606,Ağustos/08 (32. Hafta)
2025,8,15,2025-08-15,607,Ağustos/15 (33. Hafta)
2025,8,22,2025-08-22,608,Ağustos/22 (34. Hafta)
2025,8,29,2025-08-29,609,Ağustos/29 (35. Hafta)
2025,9,5,2025-09-05,610,Eylül/05 (36. Hafta)
2025,9,12,2025-09-12,611,Eylül/12 (37. Hafta)
2025,9,19,2025-09-19,612,Eylül/19 (38. Hafta)
2025,9,26,2025-09-26,613,Eylül/26 (39. Hafta)
2025,10,3,2025-10-03,614,Ekim/03 (40. Hafta)
2025,10,10,2025-10-10,615,Ekim/10 (41. Hafta)
2025,10,17,2025-10-17,616,Ekim/17 (42. Hafta)
2025,10,24,2025-10-24,617,Ekim/24 (43. Hafta)
2025,10,31,2025-10-31,618,Ekim/31 (44. Hafta)
2025,11,7,2025-11-07,619,Kasım/07 (45. Hafta)
2025,11,14,2025-11-14,620,Kasım/14 (46. Hafta)
2025,11,21,2025-11-21,621,Kasım/21 (47. Hafta)
2025,11,28,2025-11-28,622,Kasım/28 (48. Hafta)
2025,12,5,2025-12-05,623,Aralık/05 (49. Hafta)
2025,12,12,2025-12-12,624,Aralık/12 (50. Hafta)
2025,12,19,2025-12-19,625,Aralık/19 (51. Hafta)
2025,12,26,2025-12-26,626,Aralık/26 (52. Hafta)
2026,1,2,2026-01-02,627,Ocak/02 (1. Hafta)
2026,1,9,2026-01-09,628,Ocak/09 (2. Hafta)
2026,1,16,2026-01-16,629,Ocak/16 (3. Hafta)
2026,1,23,2026-01-23,630,Ocak/23 (4. Hafta)
2026,1,30,2026-01-30,631,Ocak/30 (5. Hafta)
2026,2,6,2026-02-06,632,Şubat/06 (6. Hafta)
2026,2,13,2026-02-13,633,Şubat/13 (7. Hafta)
2026,2,20,2026-02-20,634,Şubat/20 (8. Hafta)
2026,2,27,2026-02-27,635,Şubat/27 (9. Hafta)
2026,3,6,2026-03-06,636,Mart/06 (10. Hafta)
2026,3,13,2026-03-13,637,Mart/13 (11. Hafta)
2026,3,19,2026-03-19,638,Mart/19 (12. Hafta)
2026,3,27,2026-03-27,639,Mart/27 (13. Hafta)
2026,4,3,2026-04-03,640,Nisan/03 (14. Hafta)
2026,4,10,2026-04-10,641,Nisan/10 (15. Hafta)
2026,4,17,2026-04-17,642,Nisan/17 (16. Hafta)
2026,4,24,2026-04-24,643,Nisan/24 (17. Hafta)
2026,4,30,2026-04-30,644,Nisan/30 (18. Hafta)
2026,5,8,2026-05-08,645,Mayıs/08 (19. Hafta)
2026,5,15,2026-05-15,646,Mayıs/15 (20. Hafta)
2026,5,22,2026-05-22,647,Mayıs/22 (21. Hafta)
2026,5,26,2026-05-26,648,Mayıs/26 (22. Hafta)
2026,6,5,2026-06-05,649,Haziran/05 (23. Hafta)
2026,6,12,2026-06-12,650,Haziran/12 (24. Hafta)
2026,6,19,2026-06-19,651,Haziran/19 (25. Hafta)
2026,6,26,2026-06-26,652,Haziran/26 (26. Hafta)
